[{"url": "https://4lapy.ru/catalog/sobaki/letniy-sezon/mat-ohlazhdayushchiy-lissi-50h40sm-plastik.html?offer=157665", "id": "157665", "title": "Мат охлаждающий для собак и кошек Lissi, 50х40 см", "brand": "Nobby", "price": "825"}, {"url": "https://4lapy.ru/catalog/sobaki/letniy-sezon/mat-ohlazhdayushchiy-lissi-65h50sm.html?offer=158458", "id": "158458", "title": "Мат охлаждающий для собак и кошек Lissi, 65х50 см", "brand": "Nobby", "price": "1287"}, {"url": "https://4lapy.ru/catalog/sobaki/letniy-sezon/mat-ohlazhdayushchiy-bubblie-90h50sm-plastik.html?offer=97083", "id": "97083", "title": "Мат охлаждающий для собак и кошек Bubble, 90х50 см", "brand": "Nobby", "price": "1379"}, {"url": "https://4lapy.ru/catalog/sobaki/letniy-sezon/igrushka-dlya-sobak-okhlazhdayushchaya-kalmar-15-sm.html?offer=150658", "id": "150658", "title": "Игрушка охлаждающая для собак Кальмар, 15 см", "brand": "Rurri", "price": "449"}, {"url": "https://4lapy.ru/catalog/sobaki/letniy-sezon/mat-ohlazhdayushchiy-lissi-40h30sm.html?offer=158456", "id": "158456", "title": "Мат охлаждающий для собак и кошек Lissi, 40х30 см", "brand": "Nobby", "price": "595"}, {"url": "https://4lapy.ru/catalog/sobaki/letniy-sezon/mat-ohlazhdayushchiy-bubblie-90h70sm-plastik.html?offer=97085", "id": "97085", "title": "Мат охлаждающий для собак и кошек Bubble, 90х70 см", "brand": "Nobby", "price": "1839"}, {"url": "https://4lapy.ru/catalog/sobaki/letniy-sezon/kolyaska-dlya-zhivotnyh.html?offer=91061", "id": "91061", "title": "Коляска для кошек и собак мелкого размера, 80x42x95 см", "brand": "Ferplast", "price": "15975"}, {"url": "https://4lapy.ru/catalog/sobaki/letniy-sezon/mat-ohlazhdayushchiy-bubblie-50h40sm-plastik.html?offer=97081", "id": "97081", "title": "Мат охлаждающий для собак и кошек Bubble, 50х40 см", "brand": "Nobby", "price": "649"}, {"url": "https://4lapy.ru/catalog/sobaki/letniy-sezon/mat-ohlazhdayushchiy-bubblie-105h90sm-plastik.html?offer=97087", "id": "97087", "title": "Мат охлаждающий Bubble для кошек и собак средних и крупных пород,105х90 см, цвет в ассортименте", "brand": "Nobby", "price": "2775"}, {"url": "https://4lapy.ru/catalog/sobaki/letniy-sezon/zhilet-d-sobak-ohlazhdayushchiy-cooling-west-25h46sm.html?offer=97069", "id": "97069", "title": "Жилет охлаждающий для собак Cooling-Vest, 25х46 см, синий", "brand": "Nobby", "price": "975"}, {"url": "https://4lapy.ru/catalog/sobaki/letniy-sezon/rurri-igrushka-dlya-sobak-kostochka-hrustyashchaya-16-sm.html?offer=75453", "id": "75453", "title": "Игрушка для собак Косточка хрустящая 16 см", "brand": "Rurri", "price": "499"}, {"url": "https://4lapy.ru/catalog/sobaki/letniy-sezon/zhilet-d-sobak-ohlazhdayushchiy-cooling-west-28h64sm.html?offer=97071", "id": "97071", "title": "Жилет охлаждающий для собак Cooling-Vest, 28х64 см, синий", "brand": "Nobby", "price": "1125"}, {"url": "https://4lapy.ru/catalog/sobaki/letniy-sezon/zhilet-d-sobak-ohlazhdayushchiy-cooling-west-37h85sm.html?offer=97073", "id": "97073", "title": "Жилет охлаждающий для собак Cooling-Vest, 37х85 см, синий", "brand": "Nobby", "price": "1205"}, {"url": "https://4lapy.ru/catalog/sobaki/letniy-sezon/basseyn-fontan-dlya-sobak-splach-pool-150sm-plastik-siniy.html?offer=146817", "id": "146817", "title": "Бассейн-фонтан пластиковый для собак Splach Pool, 150 см, синий", "brand": "Nobby", "price": "2427"}, {"url": "https://4lapy.ru/catalog/sobaki/letniy-sezon/mat-ohlazhdayushchiy-flover-50h40sm.html?offer=115309", "id": "115309", "title": "Мат охлаждающий для собак и кошек Flover, 50х40 см", "brand": "Nobby", "price": "759"}, {"url": "https://4lapy.ru/catalog/sobaki/letniy-sezon/basseyn-d-sobak-cooling-pool-120h30sm-plastik.html?offer=117998", "id": "117998", "title": "Бассейн пластиковый для собак Cooling-Pool, 120х30 см, красный", "brand": "Nobby", "price": "3977"}, {"url": "https://4lapy.ru/catalog/sobaki/letniy-sezon/OSSO_Ohlagdayushchiy_kovrik_75h100_sm_1021648.html?offer=44333", "id": "44333", "title": "Коврик охлаждающий для кошек и собак средних и крупных пород, 75х100 см, цвет в ассортименте", "brand": "Osso", "price": "1255"}, {"url": "https://4lapy.ru/catalog/sobaki/letniy-sezon/ohlazhdayushchiy-zhilet-dlya-zhivotnyh-r-25.html?offer=158546", "id": "158546", "title": "Охлаждающий жилет для собак, 2XL, 40 см", "brand": "Osso", "price": "899"}, {"url": "https://4lapy.ru/catalog/sobaki/letniy-sezon/Osso_Ohlagdayushchaya_popona_dlya_sobak.html?offer=39292", "id": "39292", "title": "Охлаждающая попона для кошек и собак 50 3XL зеленый", "brand": "Osso", "price": "855"}, {"url": "https://4lapy.ru/catalog/sobaki/letniy-sezon/Konteyner_dlya_perevozki_givotnyh_na_velosipede_Ferplast_Atlas_Bayk_Repid_20_1004510.html?offer=60007", "id": "60007", "title": "Контейнер на велосипед для перевозки кошек и собак мелкого размера Атлас Байк Рэпид 20, 47х35,5х34,5 см", "brand": "Ferplast", "price": "7999"}, {"url": "https://4lapy.ru/catalog/sobaki/letniy-sezon/igrushka-dlya-sobaki-kostochka-s-effektom-ohlazhdeniya-13-5-sm.html?offer=124488", "id": "124488", "title": "Игрушка для собаки Косточка с эффектом охлаждения 13,5 см", "brand": "Rurri", "price": "499"}, {"url": "https://4lapy.ru/catalog/sobaki/letniy-sezon/miska-0-45l-fresh-ohlazhdayushchaya-plastik.html?offer=97095", "id": "97095", "title": "Миска охлаждающая Fresh 0,45л пластик", "brand": "Nobby", "price": "459"}, {"url": "https://4lapy.ru/catalog/sobaki/letniy-sezon/rurri-igrushka-dlya-sobak-kost-dlya-lakomstv-16-sm.html?offer=75475", "id": "75475", "title": "Игрушка для собак Кость для лакомств 16 см", "brand": "Rurri", "price": "449"}, {"url": "https://4lapy.ru/catalog/sobaki/letniy-sezon/igrushka-dlya-sobaki-myach-s-effektom-ohlazhdeniya-7-5-sm.html?offer=124490", "id": "124490", "title": "Игрушка для собаки Мяч с эффектом охлаждения 7,5 см", "brand": "Rurri", "price": "499"}, {"url": "https://4lapy.ru/catalog/sobaki/letniy-sezon/igrushka-dlya-sobak-palka-28-sm.html?offer=107154", "id": "107154", "title": "Игрушка для собак Палка 28 см", "brand": "Rurri", "price": "699"}, {"url": "https://4lapy.ru/catalog/sobaki/letniy-sezon/amortizator-dlya-povodka-m-l-26-sm-20-mm-chyernyy.html?offer=133421", "id": "133421", "title": "Амортизатор для поводка, M–L: 26 см/20 мм, черный", "brand": "Trixie", "price": "995"}, {"url": "https://4lapy.ru/catalog/sobaki/letniy-sezon/basseyn-dlya-sobak-oe-120-h-30-sm-goluboy-siniy.html?offer=96826", "id": "96826", "title": "Бассейн для собак, ø 120х30 см, голубой/синий", "brand": "Trixie", "price": "8205"}, {"url": "https://4lapy.ru/catalog/sobaki/letniy-sezon/rurri-igrushka-dlya-sobak-kost-dlya-lakomstv-10-sm.html?offer=75473", "id": "75473", "title": "Игрушка для собак Кость для лакомств 10 см", "brand": "Rurri", "price": "339"}, {"url": "https://4lapy.ru/catalog/sobaki/letniy-sezon/Pet_Hobby_Sumka_dlya_lakomstv_s_poyasom_1017778.html?offer=40113", "id": "40113", "title": "Сумка для лакомств для кошек и собак всех размеров с поясом, 16х7х12 см", "brand": "Pet Hobby", "price": "699"}, {"url": "https://4lapy.ru/catalog/sobaki/letniy-sezon/igrushka-dlya-sobak-kolco-letayushchee-11-sm.html?offer=111122", "id": "111122", "title": "Игрушка для собак Кольцо летающее 12 см", "brand": "Pet Hobby", "price": "319"}, {"url": "https://4lapy.ru/catalog/sobaki/letniy-sezon/Pet_Hobby_Sumka_dlya_lakomstv_1018079.html?offer=40115", "id": "40115", "title": "Сумка для лакомств для собак всех размеров, 14х10х4 см", "brand": "Pet Hobby", "price": "549"}, {"url": "https://4lapy.ru/catalog/sobaki/letniy-sezon/bandana-d-sobak-ohlazhdayushchaya-cooling-bandana-43-58sm.html?offer=97065", "id": "97065", "title": "Бандана для собак охлаждающая COOLING-BANDANA 43/58см", "brand": "Nobby", "price": "465"}, {"url": "https://4lapy.ru/catalog/sobaki/letniy-sezon/igrushka-dlya-sobak-frisbi-21-sm.html?offer=124534", "id": "124534", "title": "Игрушка для собак Фрисби 21 см", "brand": "Rurri", "price": "599"}, {"url": "https://4lapy.ru/catalog/sobaki/letniy-sezon/zhilet-d-sobak-ohlazhdayushchiy-cooling-west-20h30sm.html?offer=97067", "id": "97067", "title": "Жилет для собак охлаждающий Cooling-West 20х30см S синий", "brand": "Nobby", "price": "999"}, {"url": "https://4lapy.ru/catalog/sobaki/letniy-sezon/disk-dlya-igry-na-vode-f-15-sm-rezina.html?offer=96838", "id": "96838", "title": "Диск для игры на воде ф 15 см, резина", "brand": "Trixie", "price": "419"}, {"url": "https://4lapy.ru/catalog/sobaki/letniy-sezon/triksi_basseyn_dlya_sobak_oe_80_x_20_sm_goluboy_siniy.html?offer=67761", "id": "67761", "title": "Бассейн для собак, 80x20 см, голубой/синий", "brand": "Trixie", "price": "4865"}, {"url": "https://4lapy.ru/catalog/sobaki/letniy-sezon/amortizator-dlya-povodka-l-xl-35-sm-25-mm-chyernyy.html?offer=133423", "id": "133423", "title": "Амортизатор для поводка, L–XL: 35 см/25 мм, черный", "brand": "Trixie", "price": "1165"}, {"url": "https://4lapy.ru/catalog/sobaki/letniy-sezon/lezhak-podstilka-myagkiy-okhlazhdayushchiy-l-65kh50-sm-seryy.html?offer=135451", "id": "135451", "title": "Лежак-подстилка мягкий охлаждающий для кошек и собак средних и крупных пород, L: 65х50 см, цвет в ассортименте", "brand": "Trixie", "price": "2285"}, {"url": "https://4lapy.ru/catalog/sobaki/letniy-sezon/igrushka-dlya-sobak-kolco-10-sm2.html?offer=124514", "id": "124514", "title": "Игрушка для собак Кольцо 10 см", "brand": "Rurri", "price": "499"}, {"url": "https://4lapy.ru/catalog/sobaki/letniy-sezon/futbolka-s-cvetkom-belaya-xs.html?offer=138066", "id": "138066", "title": "Футболка с цветком для собак Pure Sun M белый (унисекс)", "brand": "Rurri", "price": "899"}, {"url": "https://4lapy.ru/catalog/sobaki/letniy-sezon/sumka-perenoska-na-velosiped-38kh25kh25-sm-seryy.html?offer=132816", "id": "132816", "title": "Сумка-переноска на велосипед для собак мелкого размера, 38х25х25 см, серая", "brand": "Trixie", "price": "3995"}, {"url": "https://4lapy.ru/catalog/sobaki/letniy-sezon/OSSO_Ohlagdayushchiy_kovrik_50h70_sm_1021647.html?offer=39737", "id": "39737", "title": "Коврик охлаждающий для кошек и собак мелких и средних пород, 50х70 см, цвет в ассортименте", "brand": "Osso", "price": "815"}, {"url": "https://4lapy.ru/catalog/sobaki/letniy-sezon/pet-hobby-sumka-na-poyas-s-sumochkoy-dlya-lakomstv-i-otdeleniem-dlya-paketik.html?offer=81052", "id": "81052", "title": "Сумка на пояс для лакомств для кошек и собак всех размеров, 8х42х14 см, с отделением для пакетиков", "brand": "Pet Hobby", "price": "1199"}, {"url": "https://4lapy.ru/catalog/sobaki/letniy-sezon/igrushka-dlya-sobak-kolco-letayushchee-17-sm.html?offer=111120", "id": "111120", "title": "Игрушка для собак Кольцо летающее 17 см", "brand": "Pet Hobby", "price": "439"}, {"url": "https://4lapy.ru/catalog/sobaki/letniy-sezon/bandana-d-sobak-ohlazhdayushchaya-cooling-bandana-30-43sm.html?offer=97063", "id": "97063", "title": "Бандана для собак охлаждающая COOLING-BANDANA 30/43см", "brand": "Nobby", "price": "429"}, {"url": "https://4lapy.ru/catalog/sobaki/letniy-sezon/igrushka-dlya-sobaki-palochka-plavayushchaya-s-pishchalkoy-20-sm.html?offer=124482", "id": "124482", "title": "Игрушка для собаки Палочка плавающая с пищалкой 20 см", "brand": "Rurri", "price": "599"}, {"url": "https://4lapy.ru/catalog/sobaki/letniy-sezon/igrushka-dlya-sobak-palka-20-sm.html?offer=107134", "id": "107134", "title": "Игрушка для собак Палка 20 см", "brand": "Rurri", "price": "549"}, {"url": "https://4lapy.ru/catalog/sobaki/letniy-sezon/amortizator-dlya-povodka-xs-s-16-sm-10-mm-chyernyy.html?offer=133417", "id": "133417", "title": "Амортизатор для поводка, XS–S: 16 см/10 мм, черный", "brand": "Trixie", "price": "659"}, {"url": "https://4lapy.ru/catalog/sobaki/letniy-sezon/igrushka-dlya-sobak-myach-dlya-lakomstv-11-sm.html?offer=124508", "id": "124508", "title": "Игрушка для собак Мяч для лакомств 11 см", "brand": "Rurri", "price": "849"}, {"url": "https://4lapy.ru/catalog/sobaki/letniy-sezon/disk-dlya-igry-na-vode-f-24-sm-rezina.html?offer=96840", "id": "96840", "title": "Диск для игры на воде ф 24 см, резина", "brand": "Trixie", "price": "669"}, {"url": "https://4lapy.ru/catalog/sobaki/letniy-sezon/bandana-d-sobak-ohlazhdayushchaya-cooling-bandana-18-30sm.html?offer=97061", "id": "97061", "title": "Бандана для собак охлаждающая COOLING-BANDANA 18/30см", "brand": "Nobby", "price": "397"}, {"url": "https://4lapy.ru/catalog/sobaki/letniy-sezon/amortizator-dlya-povodka-s-m-21-sm-15-mm-chyernyy.html?offer=133419", "id": "133419", "title": "Амортизатор для поводка, S–M: 21 см/15 мм, черный", "brand": "Trixie", "price": "827"}, {"url": "https://4lapy.ru/catalog/sobaki/letniy-sezon/igrushka-dlya-sobaki-myach-plavayushchiy-s-pishchalkoy-10-sm.html?offer=124480", "id": "124480", "title": "Игрушка для собаки Мяч плавающий с пищалкой 10 см", "brand": "Rurri", "price": "599"}, {"url": "https://4lapy.ru/catalog/sobaki/letniy-sezon/rurri-igrushka-dlya-sobak-palka-24-sm.html?offer=75479", "id": "75479", "title": "Игрушка для собак Палка 24 см", "brand": "Rurri", "price": "579"}, {"url": "https://4lapy.ru/catalog/sobaki/letniy-sezon/kryshka-dlya-basseyna-dlya-sobak-art-39482-oe-120-sm-svetlo-goluboy.html?offer=96828", "id": "96828", "title": "Крышка для бассейна для собак арт.39482, ø 120 см, светло-голубой", "brand": "Trixie", "price": "1225"}, {"url": "https://4lapy.ru/catalog/sobaki/letniy-sezon/igrushka-dlya-sobak-myach-plavayushchiy-5-6-sm.html?offer=111138", "id": "111138", "title": "Игрушка для собак Мяч плавающий 5,6 см", "brand": "Pet Hobby", "price": "199"}, {"url": "https://4lapy.ru/catalog/sobaki/letniy-sezon/igrushka-dlya-sobak-palka-28-sm1.html?offer=107156", "id": "107156", "title": "Игрушка для собак Палка 28 см", "brand": "Rurri", "price": "699"}, {"url": "https://4lapy.ru/catalog/sobaki/letniy-sezon/igrushka-dlya-sobak-kost-dlya-lakomstv-14-sm.html?offer=107146", "id": "107146", "title": "Игрушка для собак Кость для лакомств 14 см", "brand": "Rurri", "price": "699"}, {"url": "https://4lapy.ru/catalog/sobaki/letniy-sezon/kovrik-ohlazhdayushchiy-bubble-40h30sm-plastik.html?offer=157659", "id": "157659", "title": "Мат охлаждающий для собак и кошек Bubble, 40х30 см", "brand": "Nobby", "price": "523"}, {"url": "https://4lapy.ru/catalog/sobaki/letniy-sezon/igrushka-dlya-sobak-myach-6-5-sm.html?offer=107138", "id": "107138", "title": "Игрушка для собак Мяч 6,5 см", "brand": "Rurri", "price": "499"}, {"url": "https://4lapy.ru/catalog/sobaki/letniy-sezon/plate-s-rybkoy-biryuzovoe-xs.html?offer=125852", "id": "125852", "title": "Платье для собак с рыбкой XL бирюзовый (унисекс)", "brand": "Rurri", "price": "849"}, {"url": "https://4lapy.ru/catalog/sobaki/letniy-sezon/povodok-dlya-probezhki-1-33-1-80-m-20-mm-seryy-zelyenyy.html?offer=133413", "id": "133413", "title": "Поводок для пробежки, 1,33–1,8 м/20 мм, серый/зеленый", "brand": "Trixie", "price": "1695"}, {"url": "https://4lapy.ru/catalog/sobaki/letniy-sezon/triksi-kryshka-na-basseyn-dlya-sobak-39481-oe-80-sm-svetlo-goluboy.html?offer=74329", "id": "74329", "title": "Крышка на бассейн для собак 39481, 80 см, светло-голубой", "brand": "Trixie", "price": "557"}, {"url": "https://4lapy.ru/catalog/sobaki/letniy-sezon/zhilet-d-sobak-plavat-dog-buoyancy-aid-30sm-oranzhevyy.html?offer=97077", "id": "97077", "title": "Жилет для собак плавательный DOG BUOYANCY AID 30см оранжевый", "brand": "Nobby", "price": "1635"}, {"url": "https://4lapy.ru/catalog/sobaki/letniy-sezon/Igrushka_dlya_sobak_Georplast_disk_letayushchiy_1005490.html?offer=122887", "id": "122887", "title": "Летающий диск красный", "brand": "Georplast", "price": "259"}, {"url": "https://4lapy.ru/catalog/sobaki/letniy-sezon/plate-zelenoe-s-romashkoy-xs.html?offer=145137", "id": "145137", "title": "Платье для собак с ромашкой M зеленый (девочка)", "brand": "Petmax", "price": "799"}, {"url": "https://4lapy.ru/catalog/sobaki/letniy-sezon/igrushka-dlya-sobak-kost-dlya-lakomstv-10-sm.html?offer=107142", "id": "107142", "title": "Игрушка для собак Кость для лакомств 10 см", "brand": "Rurri", "price": "519"}, {"url": "https://4lapy.ru/catalog/sobaki/letniy-sezon/igrushka-dlya-sobak-kostochka-s-dispenserom-dlya-lakomstv-18-sm.html?offer=124520", "id": "124520", "title": "Игрушка для собак Косточка с диспенсером для лакомств 18 см", "brand": "Rurri", "price": "849"}, {"url": "https://4lapy.ru/catalog/sobaki/letniy-sezon/zhilet-d-sobak-plavat-dog-buoyancy-aid-25sm-oranzhevyy.html?offer=97075", "id": "97075", "title": "Жилет для собак плавательный DOG BUOYANCY AID 25см оранжевый", "brand": "Nobby", "price": "1405"}, {"url": "https://4lapy.ru/catalog/sobaki/letniy-sezon/triksi-disk-dlya-frisbi-oe-22-sm-silikon-cvet-v-assortimente.html?offer=71581", "id": "71581", "title": "Игрушка для собак Диск для фрисби, силикон, цвет в ассортименте, 22 см", "brand": "Trixie", "price": "699"}, {"url": "https://4lapy.ru/catalog/sobaki/letniy-sezon/rubashka-s-bantikom-golubaya-v-kletku-xs.html?offer=145121", "id": "145121", "title": "Рубашка с бантиком для собак S голубой (унисекс)", "brand": "Petmax", "price": "699"}, {"url": "https://4lapy.ru/catalog/sobaki/letniy-sezon/myach-iz-naturalnoy-reziny-plavayushchiy-f-7-5-sm.html?offer=96834", "id": "96834", "title": "Мяч из натуральной резины плавающий, ф 7,5 см", "brand": "Trixie", "price": "627"}, {"url": "https://4lapy.ru/catalog/sobaki/letniy-sezon/triksi_koltso_tpr_-_17_sm_1022529.html?offer=48920", "id": "48920", "title": "Игрушка для собак Кольцо, термопластичная резина, 17 см", "brand": "Trixie", "price": "619"}, {"url": "https://4lapy.ru/catalog/sobaki/letniy-sezon/igrushka-d-sobak-gantel-17sm-ohlazhdayushchaya-rezina.html?offer=97093", "id": "97093", "title": "Игрушка для собак Гантель 17см охлаждающая, резина", "brand": "Nobby", "price": "619"}, {"url": "https://4lapy.ru/catalog/sobaki/letniy-sezon/povodok-dlya-probezhki-0-90-1-30-m-20-mm-chyernyy.html?offer=133415", "id": "133415", "title": "Поводок для пробежки, 0,9–1,3 м/20 мм, черный", "brand": "Trixie", "price": "1199"}, {"url": "https://4lapy.ru/catalog/sobaki/letniy-sezon/futbolka-s-sobakoy-chernaya-xs.html?offer=125766", "id": "125766", "title": "Футболка для собак L черный (унисекс)", "brand": "Petmax", "price": "599"}, {"url": "https://4lapy.ru/catalog/sobaki/letniy-sezon/mayka-v-polosku-krasnaya-xs.html?offer=125796", "id": "125796", "title": "Майка для собак 2XL красный (унисекс)", "brand": "Petmax", "price": "599"}, {"url": "https://4lapy.ru/catalog/sobaki/letniy-sezon/kolco-iz-naturalnoy-reziny-plavayushchee-f-15-sm.html?offer=96836", "id": "96836", "title": "Кольцо из натуральной резины плавающее, ф 15 см", "brand": "Trixie", "price": "609"}, {"url": "https://4lapy.ru/catalog/sobaki/letniy-sezon/igrushka-d-sobak-gantel-13sm-ohlazhdayushchaya-rezina.html?offer=97091", "id": "97091", "title": "Игрушка для собак Гантель 13см охлаждающая, резина", "brand": "Nobby", "price": "379"}, {"url": "https://4lapy.ru/catalog/sobaki/letniy-sezon/igrushka-dlya-sobak-palochka-dlya-lakomstv-13-sm.html?offer=107148", "id": "107148", "title": "Игрушка для собак Палочка для лакомств 13 см", "brand": "Rurri", "price": "399"}, {"url": "https://4lapy.ru/catalog/sobaki/letniy-sezon/igrushka-dlya-sobak-gantel-15-sm1.html?offer=124512", "id": "124512", "title": "Игрушка для собак Гантель 10 см", "brand": "Rurri", "price": "299"}, {"url": "https://4lapy.ru/catalog/sobaki/letniy-sezon/triksi-kolco-tpr-plavayushchee-11-cm.html?offer=83201", "id": "83201", "title": "Игрушка для собак Кольцо термопластичная резина плавающее 11 см", "brand": "Trixie", "price": "299"}, {"url": "https://4lapy.ru/catalog/sobaki/letniy-sezon/igrushka-dlya-sobak-palka-30-sm.html?offer=107136", "id": "107136", "title": "Игрушка для собак Палка 30 см", "brand": "Rurri", "price": "999"}, {"url": "https://4lapy.ru/catalog/sobaki/letniy-sezon/plate-s-rybkoy-rozovoe-xs.html?offer=125843", "id": "125843", "title": "Платье для собак с рыбкой S розовый (унисекс)", "brand": "Rurri", "price": "849"}, {"url": "https://4lapy.ru/catalog/sobaki/letniy-sezon/plate-v-polosku-krasnoe-xs.html?offer=125798", "id": "125798", "title": "Платье для собак XS красный (унисекс)", "brand": "Petmax", "price": "849"}, {"url": "https://4lapy.ru/catalog/sobaki/letniy-sezon/futbolka-bezhevaya-s-loshadkoy-xs.html?offer=139188", "id": "139188", "title": "Футболка для собак с лошадкой XL бежевый (унисекс)", "brand": "Petmax", "price": "799"}, {"url": "https://4lapy.ru/catalog/sobaki/letniy-sezon/futbolka-belaya-s-zhirafom-zheltym-xs.html?offer=139158", "id": "139158", "title": "Футболка для собак с жирафом M белый (унисекс)", "brand": "Petmax", "price": "799"}, {"url": "https://4lapy.ru/catalog/sobaki/letniy-sezon/futbolka-s-cvetami-biryuzovaya-xs.html?offer=125898", "id": "125898", "title": "Футболка для собак с цветами M бирюзовый (унисекс)", "brand": "Rurri", "price": "799"}, {"url": "https://4lapy.ru/catalog/sobaki/letniy-sezon/rubashka-v-kletku-sinyaya-xs.html?offer=125815", "id": "125815", "title": "Рубашка для собак L синий (унисекс)", "brand": "Petmax", "price": "749"}, {"url": "https://4lapy.ru/catalog/sobaki/letniy-sezon/plate-s-radugoy-rozovoe-xs.html?offer=125840", "id": "125840", "title": "Платье для собак XL розовый (унисекс)", "brand": "Rurri", "price": "849"}, {"url": "https://4lapy.ru/catalog/sobaki/letniy-sezon/futbolka-bezhevaya-s-sobachkoy-xs.html?offer=139202", "id": "139202", "title": "Футболка для собак с собачкой XL бежевый (унисекс)", "brand": "Petmax", "price": "699"}, {"url": "https://4lapy.ru/catalog/sobaki/letniy-sezon/futbolka-golubaya-s-sobachkoy-xs.html?offer=139192", "id": "139192", "title": "Футболка для собак с собачкой S голубой (унисекс)", "brand": "Petmax", "price": "699"}, {"url": "https://4lapy.ru/catalog/sobaki/letniy-sezon/futbolka-oranzhevaya-s-haski-xs.html?offer=139179", "id": "139179", "title": "Футболка для собак с хаски M оранжевый (унисекс)", "brand": "Petmax", "price": "699"}, {"url": "https://4lapy.ru/catalog/sobaki/letniy-sezon/futbolka-chernaya-s-kotom-xs.html?offer=139174", "id": "139174", "title": "Футболка для собак XL черный (унисекс)", "brand": "Petmax", "price": "699"}, {"url": "https://4lapy.ru/catalog/sobaki/letniy-sezon/mayka-krasno-belaya-xs.html?offer=125821", "id": "125821", "title": "Майка для собак M красный (унисекс)", "brand": "Petmax", "price": "699"}, {"url": "https://4lapy.ru/catalog/sobaki/letniy-sezon/rubashka-s-listyami-zelenaya-xs.html?offer=125886", "id": "125886", "title": "Рубашка для собак с листьями M зеленый (унисекс)", "brand": "Rurri", "price": "699"}, {"url": "https://4lapy.ru/catalog/sobaki/letniy-sezon/rubashka-s-palmami-oranzhevaya-xs.html?offer=125882", "id": "125882", "title": "Рубашка для собак с пальмами XL оранжевый (унисекс)", "brand": "Rurri", "price": "699"}, {"url": "https://4lapy.ru/catalog/sobaki/letniy-sezon/plate-zheltoe-s-romashkoy-xs.html?offer=138243", "id": "138243", "title": "Платье для собак с ромашкой XS желтый (девочка)", "brand": "Petmax", "price": "799"}, {"url": "https://4lapy.ru/catalog/sobaki/letniy-sezon/rurri-igrushka-dlya-sobak-palka-16-sm.html?offer=75477", "id": "75477", "title": "Игрушка для собак Палка 16 см", "brand": "Rurri", "price": "339"}, {"url": "https://4lapy.ru/catalog/sobaki/letniy-sezon/triksi_koltso_tpr_-_25_sm_1022530.html?offer=48922", "id": "48922", "title": "Игрушка для собак Кольцо, термопластичная резина, 25 см", "brand": "Trixie", "price": "775"}, {"url": "https://4lapy.ru/catalog/sobaki/letniy-sezon/futbolka-s-flamingo-golubaya-xs.html?offer=125867", "id": "125867", "title": "Футболка для собак с фламинго S голубой (унисекс)", "brand": "Rurri", "price": "599"}, {"url": "https://4lapy.ru/catalog/sobaki/letniy-sezon/futbolka-seraya-prince-xs.html?offer=125781", "id": "125781", "title": "Футболка для собак Prince XL серый (унисекс)", "brand": "Petmax", "price": "599"}, {"url": "https://4lapy.ru/catalog/sobaki/letniy-sezon/futbolka-s-sobakoy-sinyaya-xs.html?offer=125774", "id": "125774", "title": "Футболка для собак XL синий (унисекс)", "brand": "Petmax", "price": "599"}, {"url": "https://4lapy.ru/catalog/sobaki/letniy-sezon/futbolka-s-fruktami-myatnaya-xs.html?offer=125854", "id": "125854", "title": "Футболка для собак с фруктами XS мятный (унисекс)", "brand": "Rurri", "price": "599"}, {"url": "https://4lapy.ru/catalog/sobaki/letniy-sezon/futbolka-rozovaya-princess-xs.html?offer=125788", "id": "125788", "title": "Футболка для собак Princess XL розовый (унисекс)", "brand": "Petmax", "price": "599"}, {"url": "https://4lapy.ru/catalog/sobaki/letniy-sezon/igrushka-d-sobak-kaplya-9sm-ohlazhdayushchaya-rezina.html?offer=97089", "id": "97089", "title": "Игрушка для собак Капля 9см охлаждающая, резина", "brand": "Nobby", "price": "559"}, {"url": "https://4lapy.ru/catalog/sobaki/letniy-sezon/futbolka-s-fruktami-golubaya-xs.html?offer=125863", "id": "125863", "title": "Футболка для собак с фруктами L голубой (унисекс)", "brand": "Rurri", "price": "599"}, {"url": "https://4lapy.ru/catalog/sobaki/letniy-sezon/igrushka-kolco-dlya-igr-na-vode-f-15-sm-rezina.html?offer=96842", "id": "96842", "title": "Игрушка Кольцо для игр на воде, Ф 15 см, резина", "brand": "Trixie", "price": "525"}, {"url": "https://4lapy.ru/catalog/sobaki/letniy-sezon/osheynik-d-sobak-ohlazhdayushchiy-cooling-loop-35-60sm.html?offer=117994", "id": "117994", "title": "Ошейник для собак охлаждающий COOLING-LOOP 35/60см", "brand": "Nobby", "price": "529"}, {"url": "https://4lapy.ru/catalog/sobaki/letniy-sezon/rurri-igrushka-dlya-sobak-bumer-dlya-lakomstv-6-sm.html?offer=75457", "id": "75457", "title": "Игрушка для собак Бумер для лакомств 6 см", "brand": "Rurri", "price": "459"}, {"url": "https://4lapy.ru/catalog/sobaki/letniy-sezon/igrushka-dlya-sobak-krab-12sm-plavayushchaya.html?offer=146331", "id": "146331", "title": "Игрушка для собак Краб 12см плавающая", "brand": "Nobby", "price": "369"}, {"url": "https://4lapy.ru/catalog/sobaki/letniy-sezon/myach-tpr-plavayushchiy-oe-6-cm.html?offer=83269", "id": "83269", "title": "Игрушка для собак Мяч, термопластичная резина, плавающий, диаметр 6 см", "brand": "Trixie", "price": "299"}, {"url": "https://4lapy.ru/catalog/sobaki/letniy-sezon/osheynik-bandana-rozovaya-v-kletku-15mm-26-42sm.html?offer=103810", "id": "103810", "title": "Ошейник-Бандана для собак розовая в клетку 15мм 26-42см", "brand": "Rurri", "price": "277"}, {"url": "https://4lapy.ru/catalog/sobaki/letniy-sezon/osheynik-bandana-rozovaya-s-krolikom-15mm-26-42sm.html?offer=103802", "id": "103802", "title": "Ошейник-Бандана для собак розовая с кроликом 15мм 26-42см", "brand": "Rurri", "price": "277"}, {"url": "https://4lapy.ru/catalog/sobaki/letniy-sezon/ohlazhdayushchaya-popona-dlya-sobak-fashion-r-70.html?offer=158554", "id": "158554", "title": "Охлаждающая попона для собак Fashion, 6XL, 70 см", "brand": "Osso", "price": "1099"}, {"url": "https://4lapy.ru/catalog/sobaki/letniy-sezon/futbolka-beach-golubaya-xs.html?offer=125902", "id": "125902", "title": "Футболка для собак Beach XS голубой (унисекс)", "brand": "Rurri", "price": "799"}, {"url": "https://4lapy.ru/catalog/sobaki/letniy-sezon/plate-s-listyami-zelenoe-xs.html?offer=125890", "id": "125890", "title": "Платье для собак с листьями XS зеленый (унисекс)", "brand": "Rurri", "price": "849"}, {"url": "https://4lapy.ru/catalog/sobaki/letniy-sezon/rubashka-s-uzorami-sinyaya-xs.html?offer=125872", "id": "125872", "title": "Рубашка для собак с узорами XS синий (унисекс)", "brand": "Rurri", "price": "699"}, {"url": "https://4lapy.ru/catalog/sobaki/letniy-sezon/osheynik-bandana-seraya-v-cvetochek-15mm-26-42sm.html?offer=125740", "id": "125740", "title": "Ошейник-Бандана для собак средних пород серая в цветочек 26-42х1,5 см", "brand": "Rurri", "price": "277"}, {"url": "https://4lapy.ru/catalog/sobaki/letniy-sezon/osheynik-bandana-rozovaya-v-cvetochek-15mm-26-42sm.html?offer=125738", "id": "125738", "title": "Ошейник-Бандана для собак средних пород розовая в цветочек 26-42х1,5 см", "brand": "Rurri", "price": "277"}, {"url": "https://4lapy.ru/catalog/sobaki/letniy-sezon/osheynik-bandana-zheltaya-v-kletku-15mm-26-42sm.html?offer=125727", "id": "125727", "title": "Ошейник-Бандана для собак средних пород желтая в клетку 26-42х1,5 см", "brand": "Rurri", "price": "299"}, {"url": "https://4lapy.ru/catalog/sobaki/letniy-sezon/igrushka-dlya-sobak-kostochka-s-dispenserom-dlya-lakomstv-12-sm.html?offer=124518", "id": "124518", "title": "Игрушка для собак Косточка с диспенсером для лакомств 12 см", "brand": "Rurri", "price": "519"}, {"url": "https://4lapy.ru/catalog/sobaki/letniy-sezon/igrushka-dlya-sobak-bochonok-dlya-lakomstv-10-sm.html?offer=107144", "id": "107144", "title": "Игрушка для собак Бочонок для лакомств 10 см", "brand": "Rurri", "price": "789"}, {"url": "https://4lapy.ru/catalog/sobaki/letniy-sezon/osheynik-bandana-zelenaya-s-krolikom-15mm-26-42sm.html?offer=103804", "id": "103804", "title": "Ошейник-Бандана для собак зеленая с кроликом 15мм 26-42см", "brand": "Rurri", "price": "277"}, {"url": "https://4lapy.ru/catalog/sobaki/letniy-sezon/igrushka-dlya-sobak-morskaya-zvezda-16sm-plavayushchaya.html?offer=146333", "id": "146333", "title": "Игрушка для собак Морская звезда 16см плавающая", "brand": "Nobby", "price": "329"}, {"url": "https://4lapy.ru/catalog/sobaki/letniy-sezon/igrushka-dlya-sobak-gantel-12-5sm-okhlazhdayushchaya-plavayushchaya.html?offer=146329", "id": "146329", "title": "Игрушка для собак Гантель 12,5см охлаждающая плавающая", "brand": "Nobby", "price": "419"}, {"url": "https://4lapy.ru/catalog/sobaki/letniy-sezon/lezhak-podstilka-myagkiy-okhlazhdayushchiy-xl-90kh60-sm-seryy.html?offer=135453", "id": "135453", "title": "Лежак-подстилка мягкий охлаждающий для кошек и собак средних и крупных пород, XL: 90х60 см, цвет в ассортименте", "brand": "Trixie", "price": "3429"}, {"url": "https://4lapy.ru/catalog/sobaki/letniy-sezon/lezhak-podstilka-myagkiy-okhlazhdayushchiy-m-50kh40-sm-seryy.html?offer=135449", "id": "135449", "title": "Лежак-подстилка мягкий охлаждающий для кошек и собак средних пород, M: 50х40 см, цвет в ассортименте", "brand": "Trixie", "price": "1709"}, {"url": "https://4lapy.ru/catalog/sobaki/letniy-sezon/spasatelnyy-zhilet-dlya-sobak-xl-65-sm-60-96-sm-do-45-kg-zheltyy-chernyy.html?offer=118199", "id": "118199", "title": "Спасательный жилет для собак, XL: 65 см/60–96 см, до 45 кг,жёлтый/чёрный", "brand": "Trixie", "price": "4209"}, {"url": "https://4lapy.ru/catalog/sobaki/letniy-sezon/basseyn-d-sobak-cooling-pool-80h20sm-plastik.html?offer=117996", "id": "117996", "title": "Бассейн для собак Cooling-Pool 80х20см пластик", "brand": "Nobby", "price": "2855"}, {"url": "https://4lapy.ru/catalog/sobaki/letniy-sezon/osheynik-d-sobak-ohlazhdayushchiy-cooling-loop-25-40sm.html?offer=117992", "id": "117992", "title": "Ошейник для собак охлаждающий COOLING-LOOP 25/40см", "brand": "Nobby", "price": "329"}, {"url": "https://4lapy.ru/catalog/sobaki/letniy-sezon/osheynik-d-sobak-ohlazhdayushchiy-cooling-loop-15-25sm.html?offer=117990", "id": "117990", "title": "Ошейник для собак охлаждающий COOLING-LOOP 15/25см", "brand": "Nobby", "price": "265"}, {"url": "https://4lapy.ru/catalog/sobaki/letniy-sezon/mat-ohlazhdayushchiy-flover-90h70sm.html?offer=115313", "id": "115313", "title": "Мат охлаждающий для собак и кошек Flover, 90х70 см", "brand": "Nobby", "price": "1899"}, {"url": "https://4lapy.ru/catalog/sobaki/letniy-sezon/miska-0-3l-fresh-ohlazhdayushchaya-skladnaya-myagkiy-plastik.html?offer=97099", "id": "97099", "title": "Миска охлаждающая складная Fresh 0,3л мягкий пластик", "brand": "Nobby", "price": "759"}, {"url": "https://4lapy.ru/catalog/sobaki/letniy-sezon/miska-0-95l-fresh-ohlazhdayushchaya-plastik.html?offer=97097", "id": "97097", "title": "Миска охлаждающая Fresh 0,95л пластик", "brand": "Nobby", "price": "759"}, {"url": "https://4lapy.ru/catalog/sobaki/letniy-sezon/kryshka-dlya-basseyna-dlya-sobak-art-39483-oe-160-sm-svetlo-goluboy.html?offer=96830", "id": "96830", "title": "Крышка для бассейна для собак арт.39483, ø 160 см, светло-голубой", "brand": "Trixie", "price": "1409"}, {"url": "https://4lapy.ru/catalog/sobaki/letniy-sezon/remen-poyasnoy-s-povodkom-dlya-srednih-i-krupnyh-porod-krasnyy.html?offer=96205", "id": "96205", "title": "Ремень поясной с поводком для средних и крупных пород собак, красный", "brand": "Trixie", "price": "3505"}, {"url": "https://4lapy.ru/catalog/sobaki/letniy-sezon/povodok-s-poyasnym-remnem-dlya-melkih-i-srednih-sobak-krasnyy.html?offer=96203", "id": "96203", "title": "Поводок с поясным ремнем для мелких и средних собак, красный", "brand": "Trixie", "price": "2249"}, {"url": "https://4lapy.ru/catalog/sobaki/letniy-sezon/remen-poyasnoy-s-povodkom-do-40-kg-chernyy.html?offer=96201", "id": "96201", "title": "Ремень поясной с поводком, до 40 кг, черный", "brand": "Trixie", "price": "2479"}, {"url": "https://4lapy.ru/catalog/sobaki/letniy-sezon/triksi-remen-poyasnoy-s-povodkom-90-135-sm-9-sm-chernyy.html?offer=83774", "id": "83774", "title": "Ремень поясной с поводком, 90-135 см/9 см, черный", "brand": "Trixie", "price": "1539"}, {"url": "https://4lapy.ru/catalog/sobaki/letniy-sezon/triksi-remen-poyasnoy-s-povodkom-75-120-sm-9-sm-chernyy.html?offer=83772", "id": "83772", "title": "Ремень поясной с поводком, 75-120 см/9 см, черный", "brand": "Trixie", "price": "1895"}, {"url": "https://4lapy.ru/catalog/sobaki/letniy-sezon/triksi-igrushka-myach-tpr-8-sm.html?offer=71591", "id": "71591", "title": "Игрушка для собак Мяч термопластичная резина, 8 см", "brand": "Trixie", "price": "669"}, {"url": "https://4lapy.ru/catalog/sobaki/letniy-sezon/triksi-disk-dlya-frisbi-oe-18-sm-silikon-cvet-v-assortimente.html?offer=71579", "id": "71579", "title": "Игрушка для собак Диск для фрисби, силикон, цвет в ассортименте, 18 см", "brand": "Trixie", "price": "517"}, {"url": "https://4lapy.ru/catalog/sobaki/letniy-sezon/triksi-igrushka-gantel-tpr-18-sm.html?offer=71565", "id": "71565", "title": "Игрушка для собак Гантель термопластичная резина, 18 см", "brand": "Trixie", "price": "739"}, {"url": "https://4lapy.ru/catalog/sobaki/letniy-sezon/triksi_basseyn_dlya_sobak_oe_160_x_30_sm_goluboy_siniy.html?offer=67759", "id": "67759", "title": "Бассейн для собак, 160x30 см, голубой/синий", "brand": "Trixie", "price": "10525"}, {"url": "https://4lapy.ru/catalog/sobaki/letniy-sezon/Triksi_Miska_s_ohlagdayushchim_effektom_Cool_Fresh_1_lf_20_sm_belyysiniy_1021300.html?offer=39334", "id": "39334", "title": "Миска с охлаждающим эффектом Cool Fresh, 1 л/ф 20 см, белый/синий", "brand": "Trixie", "price": "1495"}, {"url": "https://4lapy.ru/catalog/sobaki/letniy-sezon/Triksi_Velospringer__dlya_krupnyh_sobak__1021042.html?offer=36000", "id": "36000", "title": "Велоспрингер для крупных собак", "brand": "Trixie", "price": "4487"}, {"url": "https://4lapy.ru/catalog/sobaki/letniy-sezon/zhilet-d-sobak-plavat-dog-buoyancy-aid-35sm-oranzhevyy.html?offer=97079", "id": "97079", "title": "Жилет для собак плавательный DOG BUOYANCY AID 35см оранжевый", "brand": "Nobby", "price": "1835"}, {"url": "https://4lapy.ru/catalog/sobaki/letniy-sezon/igrushka-dlya-sobak-bumerang-29-sm.html?offer=124522", "id": "124522", "title": "Игрушка для собак Бумеранг 29 см", "brand": "Rurri", "price": "549"}, {"url": "https://4lapy.ru/catalog/sobaki/letniy-sezon/igrushka-dlya-sobak-dispenser-dlya-lakomstv-12-sm.html?offer=124516", "id": "124516", "title": "Игрушка для собак Диспенсер для лакомств 12 см", "brand": "Rurri", "price": "449"}, {"url": "https://4lapy.ru/catalog/sobaki/letniy-sezon/igrushka-dlya-sobak-myach-10-sm2.html?offer=124506", "id": "124506", "title": "Игрушка для собак Мяч 10 см", "brand": "Rurri", "price": "799"}, {"url": "https://4lapy.ru/catalog/sobaki/letniy-sezon/igrushka-dlya-sobak-myach-9-5-sm.html?offer=107140", "id": "107140", "title": "Игрушка для собак Мяч 9,5 см", "brand": "Rurri", "price": "749"}, {"url": "https://4lapy.ru/catalog/sobaki/letniy-sezon/zhilet-dlya-sobak-plavatelnyy-dog-buoyancy-aid-40sm-oranzhevyy.html?offer=146813", "id": "146813", "title": "Жилет для собак плавательный DOG BUOYANCY AID 40см оранжевый", "brand": "Nobby", "price": "2079"}, {"url": "https://4lapy.ru/catalog/sobaki/letniy-sezon/kovrik-ohlazhdayushchiy-cooling-mat-80x96sm.html?offer=97058", "id": "97058", "title": "Коврик охлаждающий Cooling Mat для кошек и собак, 80x96 см, голубой", "brand": "Imac", "price": "4669"}, {"url": "https://4lapy.ru/catalog/sobaki/letniy-sezon/kosynka-ohlazhdayushchaya-dlya-zhivotnyh-cooling-bandana-28x28-sm.html?offer=97048", "id": "97048", "title": "Косынка охлаждающая для животных Cooling Bandana, 28x28 см", "brand": "Imac", "price": "679"}, {"url": "https://4lapy.ru/catalog/sobaki/letniy-sezon/kosynka-ohlazhdayushchaya-dlya-zhivotnyh-cooling-bandana-20x20-sm.html?offer=97046", "id": "97046", "title": "Косынка охлаждающая для животных Cooling Bandana, 20x20 см", "brand": "Imac", "price": "515"}]